"No.","Time","Source","Destination","Protocol","Length","Info"
"1","0.000000","Cisco_62:d9:e0","Broadcast","ARP","60","ARP Announcement for 10.10.233.164"
"2","0.112226","IntelCor_bf:bd:4b","Broadcast","ARP","42","Who has 10.10.0.1? Tell 10.10.30.131"
"3","0.116625","VMware_89:9b:4e","IntelCor_bf:bd:4b","ARP","60","10.10.0.1 is at 00:50:56:89:9b:4e"
"4","0.121126","10.10.30.131","10.10.255.255","UDP","305","54915  >  54915 Len=263"
"5","0.614374","Cisco_62:d9:e0","Broadcast","ARP","60","Gratuitous ARP for 10.10.172.178 (Reply)"
"6","0.614374","Cisco_62:d9:e0","Broadcast","ARP","60","ARP Announcement for 10.10.155.182"
"7","0.682437","149.154.167.43","10.10.30.131","SSL","1514","Continuation Data"
"8","0.719026","10.10.30.131","193.206.135.8","HTTP","205","GET /files/vpn_ssid_notif.txt HTTP/1.1 "
"9","0.734356","10.10.30.131","149.154.167.43","TCP","54","50586  >  443 [ACK] Seq=1 Ack=1461 Win=513 Len=0"
"10","0.743536","193.206.135.8","10.10.30.131","HTTP","317","HTTP/1.1 200 OK  (text/plain)"
"11","0.796306","10.10.30.131","193.206.135.8","TCP","54","50541  >  80 [ACK] Seq=152 Ack=264 Win=512 Len=0"
"12","0.800909","149.154.167.43","10.10.30.131","SSL","1514","[TCP Previous segment not captured] , Continuation Data"
"13","0.800909","149.154.167.43","10.10.30.131","SSL","1514","Continuation Data"
"14","0.800971","10.10.30.131","149.154.167.43","TCP","66","[TCP Dup ACK 9#1] 50586  >  443 [ACK] Seq=1 Ack=1461 Win=513 Len=0 SLE=13141 SRE=14601"
"15","0.801019","10.10.30.131","149.154.167.43","TCP","66","[TCP Dup ACK 9#2] 50586  >  443 [ACK] Seq=1 Ack=1461 Win=513 Len=0 SLE=13141 SRE=16061"
"16","0.850848","149.154.167.43","10.10.30.131","TCP","1514","[TCP Retransmission] 443  >  50586 [ACK] Seq=1461 Ack=1 Win=2605 Len=1460"
"17","0.850848","149.154.167.43","10.10.30.131","TCP","1514","[TCP Retransmission] 443  >  50586 [ACK] Seq=2921 Ack=1 Win=2605 Len=1460"
"18","0.850915","10.10.30.131","149.154.167.43","TCP","66","50586  >  443 [ACK] Seq=1 Ack=2921 Win=513 Len=0 SLE=13141 SRE=16061"
"19","0.850959","10.10.30.131","149.154.167.43","TCP","66","50586  >  443 [ACK] Seq=1 Ack=4381 Win=513 Len=0 SLE=13141 SRE=16061"
"20","0.911994","149.154.167.43","10.10.30.131","TCP","1514","[TCP Retransmission] 443  >  50586 [ACK] Seq=4381 Ack=1 Win=2605 Len=1460"
"21","0.911994","149.154.167.43","10.10.30.131","TCP","1514","[TCP Retransmission] 443  >  50586 [ACK] Seq=5841 Ack=1 Win=2605 Len=1460"
"22","0.911994","149.154.167.43","10.10.30.131","TCP","1514","[TCP Retransmission] 443  >  50586 [ACK] Seq=7301 Ack=1 Win=2605 Len=1460"
"23","0.911994","149.154.167.43","10.10.30.131","TCP","1514","[TCP Retransmission] 443  >  50586 [ACK] Seq=8761 Ack=1 Win=2605 Len=1460"
"24","0.912103","10.10.30.131","149.154.167.43","TCP","66","50586  >  443 [ACK] Seq=1 Ack=5841 Win=513 Len=0 SLE=13141 SRE=16061"
"25","0.912147","10.10.30.131","149.154.167.43","TCP","66","50586  >  443 [ACK] Seq=1 Ack=7301 Win=513 Len=0 SLE=13141 SRE=16061"
"26","0.912188","10.10.30.131","149.154.167.43","TCP","66","50586  >  443 [ACK] Seq=1 Ack=8761 Win=513 Len=0 SLE=13141 SRE=16061"
"27","0.912207","10.10.30.131","149.154.167.43","TCP","66","50586  >  443 [ACK] Seq=1 Ack=10221 Win=513 Len=0 SLE=13141 SRE=16061"
"28","0.971745","149.154.167.43","10.10.30.131","TCP","1514","[TCP Retransmission] 443  >  50586 [ACK] Seq=11681 Ack=1 Win=2605 Len=1460"
"29","0.971846","10.10.30.131","149.154.167.43","TCP","66","[TCP Dup ACK 27#1] 50586  >  443 [ACK] Seq=1 Ack=10221 Win=513 Len=0 SLE=11681 SRE=16061"
"30","1.118838","10.10.30.131","10.10.255.255","UDP","305","54915  >  54915 Len=263"
"31","1.704860","10.10.30.131","149.154.167.91","SSL","335","Continuation Data"
"32","1.753916","10.10.30.131","193.206.135.8","HTTP","205","GET /files/vpn_ssid_notif.txt HTTP/1.1 "
"33","1.763556","149.154.167.91","10.10.30.131","TCP","60","443  >  50584 [ACK] Seq=1 Ack=282 Win=4136 Len=0"
"34","1.775811","193.206.135.8","10.10.30.131","HTTP","317","HTTP/1.1 200 OK  (text/plain)"
"35","1.816114","10.10.30.131","193.206.135.8","TCP","54","50541  >  80 [ACK] Seq=303 Ack=527 Win=511 Len=0"
"36","1.842904","Cisco_62:d9:e0","Broadcast","ARP","60","Gratuitous ARP for 10.10.78.176 (Reply)"
"37","2.120058","10.10.30.131","10.10.255.255","UDP","305","54915  >  54915 Len=263"
"38","2.181318","149.154.167.91","10.10.30.131","SSL","399","Continuation Data"
"39","2.182578","10.10.30.131","149.154.167.91","SSL","271","Continuation Data"
"40","2.258502","149.154.167.91","10.10.30.131","TCP","60","443  >  50584 [ACK] Seq=346 Ack=499 Win=4227 Len=0"
"41","2.258556","10.10.30.131","149.154.167.91","SSL","191","Continuation Data"
"42","2.310305","149.154.167.91","10.10.30.131","TCP","60","443  >  50584 [ACK] Seq=346 Ack=636 Win=4318 Len=0"
"43","2.402601","149.154.167.91","10.10.30.131","SSL","1294","Continuation Data"
"44","2.402601","149.154.167.91","10.10.30.131","SSL","1294","Continuation Data"
"45","2.402601","149.154.167.91","10.10.30.131","SSL","1294","Continuation Data"
"46","2.402601","149.154.167.91","10.10.30.131","SSL","1294","Continuation Data"
"47","2.402601","149.154.167.91","10.10.30.131","SSL","1294","Continuation Data"
"48","2.402694","10.10.30.131","149.154.167.91","TCP","54","50584  >  443 [ACK] Seq=636 Ack=6546 Win=513 Len=0"
"49","2.449513","149.154.167.91","10.10.30.131","TCP","1294","443  >  50584 [ACK] Seq=6546 Ack=636 Win=4318 Len=1240"
"50","2.449513","149.154.167.91","10.10.30.131","SSL","1294","Continuation Data"
"51","2.449513","149.154.167.91","10.10.30.131","SSL","1294","Continuation Data"
"52","2.449588","10.10.30.131","149.154.167.91","TCP","54","50584  >  443 [ACK] Seq=636 Ack=10266 Win=513 Len=0"
"53","2.450717","149.154.167.91","10.10.30.131","SSL","1294","Continuation Data"
"54","2.450717","149.154.167.91","10.10.30.131","SSL","618","Continuation Data"
"55","2.450784","10.10.30.131","149.154.167.91","TCP","54","50584  >  443 [ACK] Seq=636 Ack=12070 Win=513 Len=0"
"56","2.560144","Cisco_62:d9:e0","Broadcast","ARP","60","Gratuitous ARP for 10.10.36.148 (Reply)"
"57","2.779531","10.10.30.131","193.206.135.8","HTTP","205","GET /files/vpn_ssid_notif.txt HTTP/1.1 "
"58","2.848110","193.206.135.8","10.10.30.131","HTTP","317","HTTP/1.1 200 OK  (text/plain)"
"59","2.889286","10.10.30.131","193.206.135.8","TCP","54","50541  >  80 [ACK] Seq=454 Ack=790 Win=510 Len=0"
"60","2.889344","149.154.167.43","10.10.30.131","TCP","1514","[TCP Retransmission] 443  >  50586 [ACK] Seq=10221 Ack=1 Win=2605 Len=1460"
"61","2.889430","10.10.30.131","149.154.167.43","TCP","54","50586  >  443 [ACK] Seq=1 Ack=16061 Win=513 Len=0"
"62","2.942078","149.154.167.43","10.10.30.131","SSL","1514","[TCP Previous segment not captured] , Continuation Data"
"63","2.942078","149.154.167.43","10.10.30.131","SSL","1514","Continuation Data"
"64","2.942140","10.10.30.131","149.154.167.43","TCP","66","[TCP Dup ACK 61#1] 50586  >  443 [ACK] Seq=1 Ack=16061 Win=513 Len=0 SLE=23361 SRE=24821"
"65","2.942233","10.10.30.131","149.154.167.43","TCP","66","[TCP Dup ACK 61#2] 50586  >  443 [ACK] Seq=1 Ack=16061 Win=513 Len=0 SLE=23361 SRE=26281"
"66","2.997110","149.154.167.43","10.10.30.131","TCP","1514","[TCP Retransmission] 443  >  50586 [ACK] Seq=16061 Ack=1 Win=2605 Len=1460"
"67","2.997110","149.154.167.43","10.10.30.131","TCP","1514","[TCP Retransmission] 443  >  50586 [ACK] Seq=17521 Ack=1 Win=2605 Len=1460"
"68","2.997178","10.10.30.131","149.154.167.43","TCP","66","50586  >  443 [ACK] Seq=1 Ack=17521 Win=513 Len=0 SLE=23361 SRE=26281"
"69","2.997222","10.10.30.131","149.154.167.43","TCP","66","50586  >  443 [ACK] Seq=1 Ack=18981 Win=513 Len=0 SLE=23361 SRE=26281"
"70","3.048749","149.154.167.43","10.10.30.131","TCP","1514","[TCP Retransmission] 443  >  50586 [ACK] Seq=18981 Ack=1 Win=2605 Len=1460"
"71","3.048749","149.154.167.43","10.10.30.131","TCP","1514","[TCP Retransmission] 443  >  50586 [PSH, ACK] Seq=20441 Ack=1 Win=2605 Len=1460"
"72","3.048749","149.154.167.43","10.10.30.131","TCP","1514","[TCP Retransmission] 443  >  50586 [ACK] Seq=21901 Ack=1 Win=2605 Len=1460"
"73","3.048749","149.154.167.43","10.10.30.131","SSL","1514","Continuation Data"
"74","3.048821","10.10.30.131","149.154.167.43","TCP","66","50586  >  443 [ACK] Seq=1 Ack=20441 Win=513 Len=0 SLE=23361 SRE=26281"
"75","3.048865","10.10.30.131","149.154.167.43","TCP","66","50586  >  443 [ACK] Seq=1 Ack=21901 Win=513 Len=0 SLE=23361 SRE=26281"
"76","3.048898","10.10.30.131","149.154.167.43","TCP","54","50586  >  443 [ACK] Seq=1 Ack=26281 Win=513 Len=0"
"77","3.091672","10.10.30.131","149.154.167.43","TCP","54","50586  >  443 [ACK] Seq=1 Ack=27741 Win=513 Len=0"
"78","3.118111","10.10.30.131","10.10.255.255","UDP","305","54915  >  54915 Len=263"
"79","3.172307","10.10.30.131","149.154.167.91","SSL","463","Continuation Data"
"80","3.239781","149.154.167.91","10.10.30.131","TCP","60","443  >  50584 [ACK] Seq=12070 Ack=1045 Win=4410 Len=0"
"81","3.239781","149.154.167.91","10.10.30.131","SSL","207","Continuation Data"
"82","3.239781","149.154.167.91","10.10.30.131","SSL","543","Continuation Data"
"83","3.239868","10.10.30.131","149.154.167.91","TCP","54","50584  >  443 [ACK] Seq=1045 Ack=12712 Win=510 Len=0"
"84","3.250211","10.10.30.131","149.154.167.91","SSL","255","Continuation Data"
"85","3.279836","149.154.167.43","10.10.30.131","SSL","1514","[TCP Previous segment not captured] , Continuation Data"
"86","3.279884","10.10.30.131","149.154.167.43","TCP","66","[TCP Dup ACK 77#1] 50586  >  443 [ACK] Seq=1 Ack=27741 Win=513 Len=0 SLE=37961 SRE=39421"
"87","3.329917","149.154.167.43","10.10.30.131","TCP","1514","[TCP Retransmission] 443  >  50586 [ACK] Seq=27741 Ack=1 Win=2605 Len=1460"
"88","3.329978","10.10.30.131","149.154.167.43","TCP","66","50586  >  443 [ACK] Seq=1 Ack=29201 Win=513 Len=0 SLE=37961 SRE=39421"
"89","3.350382","149.154.167.91","10.10.30.131","SSL","143","Continuation Data"
"90","3.381200","Cisco_62:d9:e0","Broadcast","ARP","60","Gratuitous ARP for 10.10.230.232 (Reply)"
"91","3.381200","Cisco_62:d9:e0","Broadcast","ARP","60","ARP Announcement for 10.10.141.230"
"92","3.385521","149.154.167.43","10.10.30.131","TCP","1514","[TCP Retransmission] 443  >  50586 [ACK] Seq=29201 Ack=1 Win=2605 Len=1460"
"93","3.385573","10.10.30.131","149.154.167.43","TCP","66","50586  >  443 [ACK] Seq=1 Ack=30661 Win=513 Len=0 SLE=37961 SRE=39421"
"94","3.387264","10.10.30.131","149.154.167.43","TCP","54","50591  >  443 [FIN, ACK] Seq=1 Ack=1 Win=513 Len=0"
"95","3.388081","10.10.30.131","149.154.167.43","SSL","642","Continuation Data"
"96","3.406578","10.10.30.131","149.154.167.91","TCP","54","50584  >  443 [ACK] Seq=1246 Ack=12801 Win=510 Len=0"
"97","3.432780","149.154.167.43","10.10.30.131","TCP","1514","[TCP Retransmission] 443  >  50586 [ACK] Seq=33581 Ack=1 Win=2605 Len=1460"
"98","3.432841","10.10.30.131","149.154.167.43","TCP","74","[TCP Dup ACK 93#1] 50586  >  443 [ACK] Seq=589 Ack=30661 Win=513 Len=0 SLE=33581 SRE=35041 SLE=37961 SRE=39421"
"99","3.487844","149.154.167.43","10.10.30.131","TCP","1514","[TCP Retransmission] 443  >  50586 [ACK] Seq=30661 Ack=589 Win=2642 Len=1460"
"100","3.487909","10.10.30.131","149.154.167.43","TCP","74","50586  >  443 [ACK] Seq=589 Ack=32121 Win=513 Len=0 SLE=33581 SRE=35041 SLE=37961 SRE=39421"
"101","3.687988","10.10.30.131","149.154.167.43","TCP","54","[TCP Retransmission] 50591  >  443 [FIN, ACK] Seq=1 Ack=1 Win=513 Len=0"
"102","3.788512","Cisco_62:d9:e0","Broadcast","ARP","60","ARP Announcement for 10.10.152.93"
"103","3.858799","10.10.30.131","193.206.135.8","HTTP","205","GET /files/vpn_ssid_notif.txt HTTP/1.1 "
"104","3.877791","193.206.135.8","10.10.30.131","HTTP","317","HTTP/1.1 200 OK  (text/plain)"
"105","3.919911","10.10.30.131","193.206.135.8","TCP","54","50541  >  80 [ACK] Seq=605 Ack=1053 Win=509 Len=0"
"106","4.115728","10.10.30.131","10.10.255.255","UDP","305","54915  >  54915 Len=263"
"107","4.295307","10.10.30.131","149.154.167.43","TCP","54","[TCP Retransmission] 50591  >  443 [FIN, ACK] Seq=1 Ack=1 Win=513 Len=0"
"108","4.300821","Cisco_62:d9:e0","Broadcast","ARP","60","ARP Announcement for 10.10.141.230"
"109","4.347867","149.154.167.43","10.10.30.131","TCP","66","443  >  50591 [ACK] Seq=7301 Ack=2 Win=2235 Len=0 SLE=1 SRE=2"
"110","4.372649","149.154.167.43","10.10.30.131","TCP","1514","[TCP Retransmission] 443  >  50586 [ACK] Seq=32121 Ack=589 Win=2642 Len=1460"
"111","4.372739","10.10.30.131","149.154.167.43","TCP","66","50586  >  443 [ACK] Seq=589 Ack=35041 Win=513 Len=0 SLE=37961 SRE=39421"
"112","4.376540","10.10.30.131","149.154.167.91","SSL","383","Continuation Data"
"113","4.424163","149.154.167.43","10.10.30.131","SSL","1514","Continuation Data"
"114","4.424163","149.154.167.43","10.10.30.131","SSL","1514","Continuation Data"
"115","4.424217","10.10.30.131","149.154.167.43","TCP","66","[TCP Dup ACK 111#1] 50586  >  443 [ACK] Seq=589 Ack=35041 Win=513 Len=0 SLE=37961 SRE=40881"
"116","4.424274","10.10.30.131","149.154.167.43","TCP","66","[TCP Dup ACK 111#2] 50586  >  443 [ACK] Seq=589 Ack=35041 Win=513 Len=0 SLE=37961 SRE=42341"
"117","4.444472","149.154.167.91","10.10.30.131","SSL","159","Continuation Data"
"118","4.484889","10.10.30.131","149.154.167.91","TCP","54","50584  >  443 [ACK] Seq=1575 Ack=12906 Win=510 Len=0"
"119","4.596102","10.10.30.131","149.154.167.91","SSL","431","Continuation Data"
"120","4.654522","149.154.167.91","10.10.30.131","SSL","143","Continuation Data"
"121","4.705096","10.10.30.131","149.154.167.91","TCP","54","50584  >  443 [ACK] Seq=1952 Ack=12995 Win=509 Len=0"
"122","4.752655","149.154.167.43","10.10.30.131","TCP","1514","[TCP Retransmission] 443  >  50586 [ACK] Seq=35041 Ack=589 Win=2642 Len=1460"
"123","4.752719","10.10.30.131","149.154.167.43","TCP","66","50586  >  443 [ACK] Seq=589 Ack=36501 Win=513 Len=0 SLE=37961 SRE=42341"
"124","4.809189","149.154.167.43","10.10.30.131","TCP","1514","[TCP Retransmission] 443  >  50586 [ACK] Seq=36501 Ack=589 Win=2642 Len=1460"
"125","4.809189","149.154.167.43","10.10.30.131","SSL","1514","Continuation Data"
"126","4.809262","10.10.30.131","149.154.167.43","TCP","54","50586  >  443 [ACK] Seq=589 Ack=42341 Win=513 Len=0"
"127","4.862926","10.10.30.131","149.154.167.43","TCP","54","50586  >  443 [ACK] Seq=589 Ack=43801 Win=513 Len=0"
"128","4.879722","10.10.30.131","193.206.135.8","HTTP","205","GET /files/vpn_ssid_notif.txt HTTP/1.1 "
"129","4.910653","193.206.135.8","10.10.30.131","HTTP","317","HTTP/1.1 200 OK  (text/plain)"
"130","4.916988","149.154.167.43","10.10.30.131","SSL","1514","[TCP Previous segment not captured] , Continuation Data"
"131","4.916988","149.154.167.43","10.10.30.131","SSL","1514","Continuation Data"
"132","4.917040","10.10.30.131","149.154.167.43","TCP","66","[TCP Dup ACK 127#1] 50586  >  443 [ACK] Seq=589 Ack=43801 Win=513 Len=0 SLE=45261 SRE=46721"
"133","4.917083","10.10.30.131","149.154.167.43","TCP","66","[TCP Dup ACK 127#2] 50586  >  443 [ACK] Seq=589 Ack=43801 Win=513 Len=0 SLE=45261 SRE=48181"
"134","4.957928","10.10.30.131","193.206.135.8","TCP","54","50541  >  80 [ACK] Seq=756 Ack=1316 Win=508 Len=0"
"135","4.972802","149.154.167.43","10.10.30.131","TCP","1514","[TCP Retransmission] 443  >  50586 [ACK] Seq=43801 Ack=589 Win=2642 Len=1460"
"136","4.972802","149.154.167.43","10.10.30.131","SSL","1514","Continuation Data"
"137","4.972875","10.10.30.131","149.154.167.43","TCP","54","50586  >  443 [ACK] Seq=589 Ack=48181 Win=513 Len=0"
"138","5.019368","10.10.30.131","149.154.167.43","TCP","54","50586  >  443 [ACK] Seq=589 Ack=49641 Win=513 Len=0"
"139","5.029454","149.154.167.43","10.10.30.131","SSL","1514","Continuation Data"
"140","5.029454","149.154.167.43","10.10.30.131","SSL","1514","Continuation Data"
"141","5.029567","10.10.30.131","149.154.167.43","TCP","54","50586  >  443 [ACK] Seq=589 Ack=52561 Win=513 Len=0"
"142","5.080501","149.154.167.43","10.10.30.131","SSL","1514","Continuation Data"
"143","5.080501","149.154.167.43","10.10.30.131","SSL","1514","Continuation Data"
"144","5.080501","149.154.167.43","10.10.30.131","SSL","1514","Continuation Data"
"145","5.080623","10.10.30.131","149.154.167.43","TCP","54","50586  >  443 [ACK] Seq=589 Ack=56941 Win=513 Len=0"
"146","5.116848","10.10.30.131","10.10.255.255","UDP","305","54915  >  54915 Len=263"
"147","5.119925","Cisco_62:d9:e0","Broadcast","ARP","60","Gratuitous ARP for 10.10.54.154 (Reply)"
"148","5.273483","149.154.167.43","10.10.30.131","SSL","1514","[TCP Previous segment not captured] , Continuation Data"
"149","5.273531","10.10.30.131","149.154.167.43","TCP","66","[TCP Dup ACK 145#1] 50586  >  443 [ACK] Seq=589 Ack=56941 Win=513 Len=0 SLE=64241 SRE=65701"
"150","5.329336","149.154.167.43","10.10.30.131","TCP","1514","[TCP Retransmission] 443  >  50586 [ACK] Seq=56941 Ack=589 Win=2642 Len=1460"
"151","5.329435","10.10.30.131","149.154.167.43","TCP","66","50586  >  443 [ACK] Seq=589 Ack=58401 Win=513 Len=0 SLE=64241 SRE=65701"
"152","5.331833","IntelCor_bf:bd:4b","Broadcast","ARP","42","Who has 10.10.0.1? Tell 10.10.30.131"
"153","5.344493","VMware_89:9b:4e","IntelCor_bf:bd:4b","ARP","60","10.10.0.1 is at 00:50:56:89:9b:4e"
"154","5.530253","Cisco_62:d9:e0","Broadcast","ARP","60","Gratuitous ARP for 10.10.237.5 (Reply)"
"155","5.661393","149.154.167.43","10.10.30.131","TCP","1514","[TCP Retransmission] 443  >  50586 [ACK] Seq=58401 Ack=589 Win=2642 Len=1460"
"156","5.661455","10.10.30.131","149.154.167.43","TCP","66","50586  >  443 [ACK] Seq=589 Ack=59861 Win=513 Len=0 SLE=64241 SRE=65701"
"157","5.915037","10.10.30.131","193.206.135.8","HTTP","205","GET /files/vpn_ssid_notif.txt HTTP/1.1 "
"158","5.948092","193.206.135.8","10.10.30.131","HTTP","317","HTTP/1.1 200 OK  (text/plain)"
"159","5.993323","10.10.30.131","193.206.135.8","TCP","54","50541  >  80 [ACK] Seq=907 Ack=1579 Win=513 Len=0"
"160","6.117885","10.10.30.131","10.10.255.255","UDP","305","54915  >  54915 Len=263"
"161","6.144759","Cisco_62:d9:e0","Broadcast","ARP","60","ARP Announcement for 10.10.192.12"
"162","6.145750","Cisco_62:d9:e0","Broadcast","ARP","60","ARP Announcement for 10.10.233.164"
"163","6.254242","149.154.167.43","10.10.30.131","TCP","1514","[TCP Retransmission] 443  >  50586 [ACK] Seq=59861 Ack=589 Win=2642 Len=1460"
"164","6.254314","10.10.30.131","149.154.167.43","TCP","66","50586  >  443 [ACK] Seq=589 Ack=61321 Win=513 Len=0 SLE=64241 SRE=65701"
"165","6.315906","149.154.167.43","10.10.30.131","TCP","1514","[TCP Retransmission] 443  >  50586 [ACK] Seq=61321 Ack=589 Win=2642 Len=1460"
"166","6.315906","149.154.167.43","10.10.30.131","TCP","1514","[TCP Retransmission] 443  >  50586 [ACK] Seq=62781 Ack=589 Win=2642 Len=1460"
"167","6.315972","10.10.30.131","149.154.167.43","TCP","66","50586  >  443 [ACK] Seq=589 Ack=62781 Win=513 Len=0 SLE=64241 SRE=65701"
"168","6.316019","10.10.30.131","149.154.167.43","TCP","54","50586  >  443 [ACK] Seq=589 Ack=65701 Win=513 Len=0"
"169","6.381253","149.154.167.43","10.10.30.131","SSL","1514","Continuation Data"
"170","6.381253","149.154.167.43","10.10.30.131","SSL","1514","Continuation Data"
"171","6.381253","149.154.167.43","10.10.30.131","SSL","1514","Continuation Data"
"172","6.381326","10.10.30.131","149.154.167.43","TCP","54","50586  >  443 [ACK] Seq=589 Ack=70081 Win=513 Len=0"
"173","6.451317","149.154.167.43","10.10.30.131","SSL","1514","Continuation Data"
"174","6.451317","149.154.167.43","10.10.30.131","SSL","1514","Continuation Data"
"175","6.451317","149.154.167.43","10.10.30.131","SSL","1514","Continuation Data"
"176","6.451317","149.154.167.43","10.10.30.131","SSL","1514","Continuation Data"
"177","6.451447","10.10.30.131","149.154.167.43","TCP","54","50586  >  443 [ACK] Seq=589 Ack=75921 Win=513 Len=0"
"178","6.554836","Cisco_62:d9:e0","Broadcast","ARP","60","Gratuitous ARP for 10.10.3.102 (Reply)"
"179","6.636512","149.154.167.43","10.10.30.131","SSL","1514","[TCP Previous segment not captured] , Continuation Data"
"180","6.636561","10.10.30.131","149.154.167.43","TCP","66","[TCP Dup ACK 177#1] 50586  >  443 [ACK] Seq=589 Ack=75921 Win=513 Len=0 SLE=83221 SRE=84681"
"181","6.694405","149.154.167.43","10.10.30.131","TCP","1514","[TCP Retransmission] 443  >  50586 [ACK] Seq=75921 Ack=589 Win=2642 Len=1460"
"182","6.694468","10.10.30.131","149.154.167.43","TCP","66","50586  >  443 [ACK] Seq=589 Ack=77381 Win=513 Len=0 SLE=83221 SRE=84681"
"183","6.742196","149.154.167.43","10.10.30.131","TCP","1514","[TCP Retransmission] 443  >  50586 [ACK] Seq=77381 Ack=589 Win=2642 Len=1460"
"184","6.742196","149.154.167.43","10.10.30.131","TCP","1514","[TCP Retransmission] 443  >  50586 [ACK] Seq=78841 Ack=589 Win=2642 Len=1460"
"185","6.742261","10.10.30.131","149.154.167.43","TCP","66","50586  >  443 [ACK] Seq=589 Ack=78841 Win=513 Len=0 SLE=83221 SRE=84681"
"186","6.742303","10.10.30.131","149.154.167.43","TCP","66","50586  >  443 [ACK] Seq=589 Ack=80301 Win=513 Len=0 SLE=83221 SRE=84681"
"187","6.786835","149.154.167.43","10.10.30.131","TCP","1514","[TCP Retransmission] 443  >  50586 [ACK] Seq=80301 Ack=589 Win=2642 Len=1460"
"188","6.786835","149.154.167.43","10.10.30.131","TCP","1514","[TCP Retransmission] 443  >  50586 [ACK] Seq=81761 Ack=589 Win=2642 Len=1460"
"189","6.786835","149.154.167.43","10.10.30.131","SSL","1514","Continuation Data"
"190","6.786835","149.154.167.43","10.10.30.131","SSL","1514","Continuation Data"
"191","6.786908","10.10.30.131","149.154.167.43","TCP","66","50586  >  443 [ACK] Seq=589 Ack=81761 Win=513 Len=0 SLE=83221 SRE=84681"
"192","6.786959","10.10.30.131","149.154.167.43","TCP","54","50586  >  443 [ACK] Seq=589 Ack=84681 Win=513 Len=0"
"193","6.786993","10.10.30.131","149.154.167.43","TCP","54","50586  >  443 [ACK] Seq=589 Ack=87601 Win=513 Len=0"
"194","6.835618","149.154.167.43","10.10.30.131","SSL","1514","Continuation Data"
"195","6.835618","149.154.167.43","10.10.30.131","SSL","1514","Continuation Data"
"196","6.835618","149.154.167.43","10.10.30.131","SSL","1514","Continuation Data"
"197","6.835618","149.154.167.43","10.10.30.131","SSL","1514","Continuation Data"
"198","6.835618","149.154.167.43","10.10.30.131","SSL","1514","Continuation Data"
"199","6.835706","10.10.30.131","149.154.167.43","TCP","54","50586  >  443 [ACK] Seq=589 Ack=94901 Win=513 Len=0"
"200","6.892243","149.154.167.43","10.10.30.131","SSL","1514","Continuation Data"
"201","6.892243","149.154.167.43","10.10.30.131","SSL","1514","Continuation Data"
"202","6.892243","149.154.167.43","10.10.30.131","SSL","1514","Continuation Data"
"203","6.892327","10.10.30.131","149.154.167.43","TCP","54","50586  >  443 [ACK] Seq=589 Ack=99281 Win=513 Len=0"
"204","6.962677","10.10.30.131","193.206.135.8","HTTP","205","GET /files/vpn_ssid_notif.txt HTTP/1.1 "
"205","7.079097","149.154.167.43","10.10.30.131","SSL","1514","[TCP Previous segment not captured] , Continuation Data"
"206","7.079148","10.10.30.131","149.154.167.43","TCP","66","[TCP Dup ACK 203#1] 50586  >  443 [ACK] Seq=589 Ack=99281 Win=513 Len=0 SLE=109501 SRE=110961"
"207","7.118836","10.10.30.131","10.10.255.255","UDP","305","54915  >  54915 Len=263"
"208","7.210816","10.10.30.131","193.206.135.8","TCP","205","[TCP Retransmission] 50541  >  80 [PSH, ACK] Seq=907 Ack=1579 Win=513 Len=151"
"209","7.231534","193.206.135.8","10.10.30.131","TCP","66","[TCP Previous segment not captured] 80  >  50541 [ACK] Seq=1842 Ack=1058 Win=501 Len=0 SLE=1057 SRE=1058"
"210","7.278316","193.206.135.8","10.10.30.131","TCP","317","[TCP Retransmission] 80  >  50541 [PSH, ACK] Seq=1579 Ack=1058 Win=501 Len=263"
"211","7.319796","10.10.30.131","193.206.135.8","TCP","54","50541  >  80 [ACK] Seq=1058 Ack=1842 Win=512 Len=0"
"212","7.404090","149.154.167.43","10.10.30.131","TCP","1514","[TCP Retransmission] 443  >  50586 [ACK] Seq=99281 Ack=589 Win=2642 Len=1460"
"213","7.404152","10.10.30.131","149.154.167.43","TCP","66","50586  >  443 [ACK] Seq=589 Ack=100741 Win=513 Len=0 SLE=109501 SRE=110961"
"214","7.450309","149.154.167.43","10.10.30.131","TCP","1514","[TCP Retransmission] 443  >  50586 [ACK] Seq=100741 Ack=589 Win=2642 Len=1460"
"215","7.450309","149.154.167.43","10.10.30.131","TCP","1514","[TCP Retransmission] 443  >  50586 [PSH, ACK] Seq=102201 Ack=589 Win=2642 Len=1460"
"216","7.450496","10.10.30.131","149.154.167.43","TCP","66","50586  >  443 [ACK] Seq=589 Ack=102201 Win=513 Len=0 SLE=109501 SRE=110961"
"217","7.450699","10.10.30.131","149.154.167.43","TCP","66","50586  >  443 [ACK] Seq=589 Ack=103661 Win=513 Len=0 SLE=109501 SRE=110961"
"218","7.499531","149.154.167.43","10.10.30.131","TCP","1514","[TCP Retransmission] 443  >  50586 [ACK] Seq=103661 Ack=589 Win=2642 Len=1460"
"219","7.499531","149.154.167.43","10.10.30.131","TCP","1514","[TCP Retransmission] 443  >  50586 [PSH, ACK] Seq=105121 Ack=589 Win=2642 Len=1460"
"220","7.499531","149.154.167.43","10.10.30.131","TCP","1514","[TCP Retransmission] 443  >  50586 [ACK] Seq=106581 Ack=589 Win=2642 Len=1460"
"221","7.499679","10.10.30.131","149.154.167.43","TCP","66","50586  >  443 [ACK] Seq=589 Ack=105121 Win=513 Len=0 SLE=109501 SRE=110961"
"222","7.499819","10.10.30.131","149.154.167.43","TCP","66","50586  >  443 [ACK] Seq=589 Ack=106581 Win=513 Len=0 SLE=109501 SRE=110961"
"223","7.499847","10.10.30.131","149.154.167.43","TCP","66","50586  >  443 [ACK] Seq=589 Ack=108041 Win=513 Len=0 SLE=109501 SRE=110961"
"224","7.499990","149.154.167.43","10.10.30.131","TCP","1514","[TCP Retransmission] 443  >  50586 [PSH, ACK] Seq=108041 Ack=589 Win=2642 Len=1460"
"225","7.500085","10.10.30.131","149.154.167.43","TCP","54","50586  >  443 [ACK] Seq=589 Ack=110961 Win=513 Len=0"
"226","7.576869","Cisco_62:d9:e0","Broadcast","ARP","60","ARP Announcement for 10.10.192.12"
"227","8.119936","10.10.30.131","10.10.255.255","UDP","305","54915  >  54915 Len=263"
"228","8.213500","149.154.167.43","10.10.30.131","SSL","1514","Continuation Data"
"229","8.265473","10.10.30.131","149.154.167.43","TCP","54","50586  >  443 [ACK] Seq=589 Ack=112421 Win=513 Len=0"
"230","8.283140","10.10.30.131","193.206.135.8","HTTP","205","GET /files/vpn_ssid_notif.txt HTTP/1.1 "
"231","8.312683","193.206.135.8","10.10.30.131","HTTP","317","HTTP/1.1 200 OK  (text/plain)"
"232","8.360710","10.10.30.131","193.206.135.8","TCP","54","50541  >  80 [ACK] Seq=1209 Ack=2105 Win=511 Len=0"
"233","8.601400","Cisco_62:d9:e0","Broadcast","ARP","60","Gratuitous ARP for 10.10.20.146 (Reply)"
"234","8.601400","Cisco_62:d9:e0","Broadcast","ARP","60","Gratuitous ARP for 10.10.87.64 (Reply)"
"235","9.011082","Cisco_62:d9:e0","Broadcast","ARP","60","ARP Announcement for 10.10.168.9"
"236","9.115858","10.10.30.131","10.10.255.255","UDP","305","54915  >  54915 Len=263"
"237","9.320973","10.10.30.131","193.206.135.8","HTTP","205","GET /files/vpn_ssid_notif.txt HTTP/1.1 "
"238","9.347989","193.206.135.8","10.10.30.131","TCP","60","80  >  50541 [ACK] Seq=2105 Ack=1360 Win=501 Len=0"
"239","9.368043","149.154.167.43","10.10.30.131","SSL","1514","Continuation Data"
"240","9.414213","10.10.30.131","149.154.167.43","TCP","54","50586  >  443 [ACK] Seq=589 Ack=113881 Win=513 Len=0"
"241","9.461603","149.154.167.43","10.10.30.131","SSL","1514","Continuation Data"
"242","9.461603","149.154.167.43","10.10.30.131","SSL","1514","Continuation Data"
"243","9.461693","10.10.30.131","149.154.167.43","TCP","54","50586  >  443 [ACK] Seq=589 Ack=116801 Win=513 Len=0"
"244","9.510107","149.154.167.43","10.10.30.131","SSL","1514","Continuation Data"
"245","9.555976","10.10.30.131","149.154.167.43","TCP","54","50586  >  443 [ACK] Seq=589 Ack=118261 Win=513 Len=0"
"246","9.616881","193.206.135.8","10.10.30.131","HTTP","317","HTTP/1.1 200 OK  (text/plain)"
"247","9.627319","Cisco_62:d9:e0","Broadcast","ARP","60","Gratuitous ARP for 10.10.78.66 (Reply)"
"248","9.668295","10.10.30.131","193.206.135.8","TCP","54","50541  >  80 [ACK] Seq=1360 Ack=2368 Win=510 Len=0"
"249","9.728190","Cisco_62:d9:e0","Broadcast","ARP","60","Gratuitous ARP for 10.10.120.59 (Reply)"
"250","10.116324","10.10.30.131","10.10.255.255","UDP","305","54915  >  54915 Len=263"
"251","10.556614","IntelCor_bf:bd:4b","Broadcast","ARP","42","Who has 10.10.0.1? Tell 10.10.30.131"
"252","10.562275","VMware_89:9b:4e","IntelCor_bf:bd:4b","ARP","60","10.10.0.1 is at 00:50:56:89:9b:4e"
"253","10.628204","10.10.30.131","193.206.135.8","HTTP","205","GET /files/vpn_ssid_notif.txt HTTP/1.1 "
"254","10.651226","193.206.135.8","10.10.30.131","TCP","60","80  >  50541 [ACK] Seq=2368 Ack=1511 Win=501 Len=0"
"255","10.651226","193.206.135.8","10.10.30.131","HTTP","317","HTTP/1.1 200 OK  (text/plain)"
"256","10.705182","10.10.30.131","193.206.135.8","TCP","54","50541  >  80 [ACK] Seq=1511 Ack=2631 Win=509 Len=0"
"257","11.119295","10.10.30.131","10.10.255.255","UDP","305","54915  >  54915 Len=263"
"258","11.652888","10.10.30.131","193.206.135.8","HTTP","205","GET /files/vpn_ssid_notif.txt HTTP/1.1 "
"259","11.680024","193.206.135.8","10.10.30.131","HTTP","317","HTTP/1.1 200 OK  (text/plain)"
"260","11.730033","10.10.30.131","193.206.135.8","TCP","54","50541  >  80 [ACK] Seq=1662 Ack=2894 Win=508 Len=0"
"261","11.981037","Cisco_62:d9:e0","Broadcast","ARP","60","ARP Announcement for 10.10.246.8"
"262","12.119133","10.10.30.131","10.10.255.255","UDP","305","54915  >  54915 Len=263"
"263","12.690113","10.10.30.131","193.206.135.8","HTTP","205","GET /files/vpn_ssid_notif.txt HTTP/1.1 "
"264","12.938217","10.10.30.131","193.206.135.8","TCP","205","[TCP Retransmission] 50541  >  80 [PSH, ACK] Seq=1662 Ack=2894 Win=508 Len=151"
"265","12.970531","193.206.135.8","10.10.30.131","TCP","66","[TCP Previous segment not captured] 80  >  50541 [ACK] Seq=3157 Ack=1813 Win=501 Len=0 SLE=1812 SRE=1813"
"266","13.004738","Cisco_62:d9:e0","Broadcast","ARP","60","Gratuitous ARP for 10.10.89.209 (Reply)"
"267","13.107409","Cisco_62:d9:e0","Broadcast","ARP","60","Gratuitous ARP for 10.10.67.79 (Request)"
"268","13.116097","10.10.30.131","10.10.255.255","UDP","305","54915  >  54915 Len=263"
"269","13.275283","193.206.135.8","10.10.30.131","TCP","317","[TCP Retransmission] 80  >  50541 [PSH, ACK] Seq=2894 Ack=1813 Win=501 Len=263"
"270","13.316144","10.10.30.131","193.206.135.8","TCP","54","50541  >  80 [ACK] Seq=1813 Ack=3157 Win=513 Len=0"
"271","13.926661","Cisco_62:d9:e0","Broadcast","ARP","60","ARP Announcement for 10.10.97.212"
"272","13.929142","Cisco_62:d9:e0","Broadcast","ARP","60","Gratuitous ARP for 10.10.44.105 (Reply)"
"273","14.116097","10.10.30.131","10.10.255.255","UDP","305","54915  >  54915 Len=263"
"274","14.132476","Cisco_62:d9:e0","Broadcast","ARP","60","ARP Announcement for 10.10.141.229"
"275","14.234332","Cisco_62:d9:e0","Broadcast","ARP","60","Gratuitous ARP for 10.10.33.160 (Reply)"
"276","14.277314","10.10.30.131","193.206.135.8","HTTP","205","GET /files/vpn_ssid_notif.txt HTTP/1.1 "
"277","14.304487","193.206.135.8","10.10.30.131","TCP","60","80  >  50541 [ACK] Seq=3157 Ack=1964 Win=501 Len=0"
"278","14.304487","193.206.135.8","10.10.30.131","HTTP","317","HTTP/1.1 200 OK  (text/plain)"
"279","14.355255","10.10.30.131","193.206.135.8","TCP","54","50541  >  80 [ACK] Seq=1964 Ack=3420 Win=512 Len=0"
"280","14.395216","10.10.30.131","149.154.167.43","SSL","399","Continuation Data"
"281","14.540254","Cisco_62:d9:e0","Broadcast","ARP","60","Gratuitous ARP for 10.10.255.121 (Reply)"
"282","14.642285","10.10.30.131","149.154.167.91","SSL","335","Continuation Data"
"283","14.703787","10.10.30.131","149.154.167.43","TCP","399","[TCP Retransmission] 50586  >  443 [PSH, ACK] Seq=589 Ack=118261 Win=513 Len=345"
"284","14.734950","149.154.167.91","10.10.30.131","TCP","60","443  >  50584 [ACK] Seq=12995 Ack=2233 Win=4775 Len=0"
"285","14.756951","149.154.167.43","10.10.30.131","TCP","66","[TCP Previous segment not captured] 443  >  50586 [ACK] Seq=125561 Ack=934 Win=2679 Len=0 SLE=933 SRE=934"
"286","15.052542","Cisco_62:d9:e0","Broadcast","ARP","60","Gratuitous ARP for 10.10.81.126 (Request)"
"287","15.118401","10.10.30.131","10.10.255.255","UDP","305","54915  >  54915 Len=263"
"288","15.314196","10.10.30.131","193.206.135.8","HTTP","205","GET /files/vpn_ssid_notif.txt HTTP/1.1 "
"289","15.331902","193.206.135.8","10.10.30.131","TCP","60","80  >  50541 [ACK] Seq=3420 Ack=2115 Win=501 Len=0"
"290","15.333151","193.206.135.8","10.10.30.131","HTTP","317","HTTP/1.1 200 OK  (text/plain)"
"291","15.376780","10.10.30.131","193.206.135.8","TCP","54","50541  >  80 [ACK] Seq=2115 Ack=3683 Win=511 Len=0"
"292","16.118347","10.10.30.131","10.10.255.255","UDP","305","54915  >  54915 Len=263"
"293","16.208710","149.154.167.43","10.10.30.131","TCP","1514","[TCP Retransmission] 443  >  50586 [ACK] Seq=118261 Ack=934 Win=2679 Len=1460"
"294","16.253230","10.10.30.131","149.154.167.43","TCP","54","50586  >  443 [ACK] Seq=934 Ack=119721 Win=513 Len=0"
"295","16.281634","Cisco_62:d9:e0","Broadcast","ARP","60","ARP Announcement for 10.10.65.57"
"296","16.298441","149.154.167.43","10.10.30.131","SSL","1514","Continuation Data"
"297","16.298441","149.154.167.43","10.10.30.131","SSL","1514","Continuation Data"
"298","16.298495","10.10.30.131","149.154.167.43","TCP","66","[TCP Dup ACK 294#1] 50586  >  443 [ACK] Seq=934 Ack=119721 Win=513 Len=0 SLE=125561 SRE=127021"
"299","16.298536","10.10.30.131","149.154.167.43","TCP","66","[TCP Dup ACK 294#2] 50586  >  443 [ACK] Seq=934 Ack=119721 Win=513 Len=0 SLE=125561 SRE=128481"
"300","16.349204","10.10.30.131","193.206.135.8","HTTP","205","GET /files/vpn_ssid_notif.txt HTTP/1.1 "
"301","16.365852","193.206.135.8","10.10.30.131","TCP","60","80  >  50541 [ACK] Seq=3683 Ack=2266 Win=501 Len=0"
"302","16.369280","193.206.135.8","10.10.30.131","HTTP","317","HTTP/1.1 200 OK  (text/plain)"
"303","16.384019","Cisco_62:d9:e0","Broadcast","ARP","60","ARP Announcement for 10.10.196.154"
"304","16.409704","10.10.30.131","193.206.135.8","TCP","54","50541  >  80 [ACK] Seq=2266 Ack=3946 Win=510 Len=0"
"305","16.998532","Cisco_62:d9:e0","Broadcast","ARP","60","ARP Announcement for 10.10.78.105"
"306","16.998532","Cisco_62:d9:e0","Broadcast","ARP","60","Gratuitous ARP for 10.10.60.156 (Reply)"
"307","17.118064","10.10.30.131","10.10.255.255","UDP","305","54915  >  54915 Len=263"
"308","17.177514","149.154.167.43","10.10.30.131","TCP","1514","[TCP Retransmission] 443  >  50586 [ACK] Seq=119721 Ack=934 Win=2679 Len=1460"
"309","17.177603","10.10.30.131","149.154.167.43","TCP","66","50586  >  443 [ACK] Seq=934 Ack=121181 Win=513 Len=0 SLE=125561 SRE=128481"
"310","17.224106","149.154.167.43","10.10.30.131","SSL","1514","Continuation Data"
"311","17.224106","149.154.167.43","10.10.30.131","TCP","1514","443  >  50586 [ACK] Seq=129941 Ack=934 Win=2679 Len=1460"
"312","17.224165","10.10.30.131","149.154.167.43","TCP","66","[TCP Dup ACK 309#1] 50586  >  443 [ACK] Seq=934 Ack=121181 Win=513 Len=0 SLE=125561 SRE=129941"
"313","17.224208","10.10.30.131","149.154.167.43","TCP","66","[TCP Dup ACK 309#2] 50586  >  443 [ACK] Seq=934 Ack=121181 Win=513 Len=0 SLE=125561 SRE=131401"
"314","17.281051","149.154.167.43","10.10.30.131","TCP","1514","[TCP Retransmission] 443  >  50586 [ACK] Seq=121181 Ack=934 Win=2679 Len=1460"
"315","17.281114","10.10.30.131","149.154.167.43","TCP","66","50586  >  443 [ACK] Seq=934 Ack=122641 Win=513 Len=0 SLE=125561 SRE=131401"
"316","17.336933","149.154.167.43","10.10.30.131","TCP","1514","[TCP Retransmission] 443  >  50586 [ACK] Seq=124101 Ack=934 Win=2679 Len=1460"
"317","17.336982","10.10.30.131","149.154.167.43","TCP","66","[TCP Dup ACK 315#1] 50586  >  443 [ACK] Seq=934 Ack=122641 Win=513 Len=0 SLE=124101 SRE=131401"
"318","17.371756","10.10.30.131","193.206.135.8","HTTP","205","GET /files/vpn_ssid_notif.txt HTTP/1.1 "
"319","17.384055","149.154.167.43","10.10.30.131","TCP","1514","[TCP Retransmission] 443  >  50586 [ACK] Seq=122641 Ack=934 Win=2679 Len=1460"
"320","17.384125","10.10.30.131","149.154.167.43","TCP","54","50586  >  443 [ACK] Seq=934 Ack=131401 Win=513 Len=0"
"321","17.393942","193.206.135.8","10.10.30.131","HTTP","317","HTTP/1.1 200 OK  (text/plain)"
"322","17.433913","10.10.30.131","193.206.135.8","TCP","54","50541  >  80 [ACK] Seq=2417 Ack=4209 Win=509 Len=0"
"323","17.550556","149.154.167.43","10.10.30.131","SSL","1514","[TCP Previous segment not captured] , Continuation Data"
"324","17.550604","10.10.30.131","149.154.167.43","TCP","66","[TCP Dup ACK 320#1] 50586  >  443 [ACK] Seq=934 Ack=131401 Win=513 Len=0 SLE=134321 SRE=135781"
"325","17.615228","Cisco_62:d9:e0","Broadcast","ARP","60","ARP Announcement for 10.10.65.57"
"326","17.616155","149.154.167.43","10.10.30.131","TCP","1514","[TCP Retransmission] 443  >  50586 [ACK] Seq=131401 Ack=934 Win=2679 Len=1460"
"327","17.616218","10.10.30.131","149.154.167.43","TCP","66","50586  >  443 [ACK] Seq=934 Ack=132861 Win=513 Len=0 SLE=134321 SRE=135781"
"328","17.672229","149.154.167.43","10.10.30.131","TCP","1514","[TCP Retransmission] 443  >  50586 [ACK] Seq=132861 Ack=934 Win=2679 Len=1460"
"329","17.672229","149.154.167.43","10.10.30.131","SSL","1514","Continuation Data"
"330","17.672293","10.10.30.131","149.154.167.43","TCP","54","50586  >  443 [ACK] Seq=934 Ack=135781 Win=513 Len=0"
"331","17.719116","10.10.30.131","149.154.167.43","TCP","54","50586  >  443 [ACK] Seq=934 Ack=137241 Win=513 Len=0"
"332","17.728141","149.154.167.43","10.10.30.131","SSL","1514","Continuation Data"
"333","17.765053","149.154.167.43","10.10.30.131","SSL","1514","Continuation Data"
"334","17.765053","149.154.167.43","10.10.30.131","SSL","1514","Continuation Data"
"335","17.765122","10.10.30.131","149.154.167.43","TCP","54","50586  >  443 [ACK] Seq=934 Ack=141621 Win=513 Len=0"
"336","17.821876","149.154.167.43","10.10.30.131","SSL","1514","Continuation Data"
"337","17.821876","149.154.167.43","10.10.30.131","SSL","1514","Continuation Data"
"338","17.821876","149.154.167.43","10.10.30.131","SSL","1514","Continuation Data"
"339","17.821876","149.154.167.43","10.10.30.131","SSL","1514","Continuation Data"
"340","17.821962","10.10.30.131","149.154.167.43","TCP","54","50586  >  443 [ACK] Seq=934 Ack=147461 Win=513 Len=0"
"341","17.877644","149.154.167.43","10.10.30.131","SSL","1514","Continuation Data"
"342","17.877644","149.154.167.43","10.10.30.131","SSL","1514","Continuation Data"
"343","17.877644","149.154.167.43","10.10.30.131","SSL","1514","Continuation Data"
"344","17.877644","149.154.167.43","10.10.30.131","SSL","1514","Continuation Data"
"345","17.877731","10.10.30.131","149.154.167.43","TCP","54","50586  >  443 [ACK] Seq=934 Ack=153301 Win=513 Len=0"
"346","17.935942","149.154.167.43","10.10.30.131","TCP","1514","[TCP Previous segment not captured] 443  >  50586 [ACK] Seq=154761 Ack=934 Win=2679 Len=1460"
"347","17.935942","149.154.167.43","10.10.30.131","SSL","1514","Continuation Data"
"348","17.935942","149.154.167.43","10.10.30.131","SSL","1514","Continuation Data"
"349","17.936004","10.10.30.131","149.154.167.43","TCP","66","[TCP Dup ACK 345#1] 50586  >  443 [ACK] Seq=934 Ack=153301 Win=513 Len=0 SLE=154761 SRE=156221"
"350","17.936048","10.10.30.131","149.154.167.43","TCP","66","[TCP Dup ACK 345#2] 50586  >  443 [ACK] Seq=934 Ack=153301 Win=513 Len=0 SLE=154761 SRE=157681"
"351","17.936065","10.10.30.131","149.154.167.43","TCP","66","[TCP Dup ACK 345#3] 50586  >  443 [ACK] Seq=934 Ack=153301 Win=513 Len=0 SLE=154761 SRE=159141"
"352","17.939562","149.154.167.43","10.10.30.131","SSL","1514","Continuation Data"
"353","17.939595","10.10.30.131","149.154.167.43","TCP","66","[TCP Dup ACK 345#4] 50586  >  443 [ACK] Seq=934 Ack=153301 Win=513 Len=0 SLE=154761 SRE=160601"
"354","17.988597","149.154.167.43","10.10.30.131","TCP","1514","[TCP Retransmission] 443  >  50586 [ACK] Seq=153301 Ack=934 Win=2679 Len=1460"
"355","17.988597","149.154.167.43","10.10.30.131","SSL","1514","Continuation Data"
"356","17.988597","149.154.167.43","10.10.30.131","SSL","1514","Continuation Data"
"357","17.988597","149.154.167.43","10.10.30.131","SSL","1514","Continuation Data"
"358","17.988673","10.10.30.131","149.154.167.43","TCP","54","50586  >  443 [ACK] Seq=934 Ack=160601 Win=513 Len=0"
"359","17.988730","10.10.30.131","149.154.167.43","TCP","54","50586  >  443 [ACK] Seq=934 Ack=164981 Win=513 Len=0"
"360","18.023691","Cisco_62:d9:e0","Broadcast","ARP","60","ARP Announcement for 10.10.34.53"
"361","18.036798","149.154.167.43","10.10.30.131","SSL","1514","Continuation Data"
"362","18.036798","149.154.167.43","10.10.30.131","SSL","1514","Continuation Data"
"363","18.036873","10.10.30.131","149.154.167.43","TCP","54","50586  >  443 [ACK] Seq=934 Ack=167901 Win=513 Len=0"
"364","18.116859","10.10.30.131","10.10.255.255","UDP","305","54915  >  54915 Len=263"
"365","18.124444","Cisco_62:d9:e0","Broadcast","ARP","60","Gratuitous ARP for 10.10.58.206 (Reply)"
"366","18.226868","Cisco_62:d9:e0","Broadcast","ARP","60","Gratuitous ARP for 10.10.213.205 (Reply)"
"367","18.409651","10.10.30.131","193.206.135.8","HTTP","205","GET /files/vpn_ssid_notif.txt HTTP/1.1 "
"368","18.429538","193.206.135.8","10.10.30.131","HTTP","317","HTTP/1.1 200 OK  (text/plain)"
"369","18.469734","10.10.30.131","193.206.135.8","TCP","54","50541  >  80 [ACK] Seq=2568 Ack=4472 Win=508 Len=0"
"370","18.637116","Cisco_62:d9:e0","Broadcast","ARP","60","ARP Announcement for 10.10.149.246"
"371","19.116042","10.10.30.131","10.10.255.255","UDP","305","54915  >  54915 Len=263"
"372","19.443136","10.10.30.131","193.206.135.8","HTTP","205","GET /files/vpn_ssid_notif.txt HTTP/1.1 "
"373","19.457242","Cisco_62:d9:e0","Broadcast","ARP","60","Gratuitous ARP for 10.10.226.22 (Reply)"
"374","19.457242","Cisco_62:d9:e0","Broadcast","ARP","60","Gratuitous ARP for 10.10.104.58 (Reply)"
"375","19.457242","Cisco_62:d9:e0","Broadcast","ARP","60","ARP Announcement for 10.10.34.53"
"376","19.560263","Cisco_62:d9:e0","Broadcast","ARP","60","ARP Announcement for 10.10.166.185"
"377","19.680536","10.10.30.131","193.206.135.8","TCP","205","[TCP Retransmission] 50541  >  80 [PSH, ACK] Seq=2568 Ack=4472 Win=508 Len=151"
"378","19.705351","193.206.135.8","10.10.30.131","TCP","66","[TCP Previous segment not captured] 80  >  50541 [ACK] Seq=4735 Ack=2719 Win=501 Len=0 SLE=2718 SRE=2719"
"379","19.746064","193.206.135.8","10.10.30.131","TCP","317","[TCP Retransmission] 80  >  50541 [PSH, ACK] Seq=4472 Ack=2719 Win=501 Len=263"
"380","19.790777","10.10.30.131","193.206.135.8","TCP","54","50541  >  80 [ACK] Seq=2719 Ack=4735 Win=513 Len=0"
"381","19.865220","Cisco_62:d9:e0","Broadcast","ARP","60","Gratuitous ARP for 10.10.211.138 (Reply)"
"382","20.111181","149.154.167.43","10.10.30.131","SSL","1514","Continuation Data"
"383","20.115789","10.10.30.131","10.10.255.255","UDP","305","54915  >  54915 Len=263"
"384","20.164736","10.10.30.131","149.154.167.43","TCP","54","50586  >  443 [ACK] Seq=934 Ack=169361 Win=513 Len=0"
"385","20.215655","149.154.167.43","10.10.30.131","SSL","1514","[TCP Previous segment not captured] , Continuation Data"
"386","20.215655","149.154.167.43","10.10.30.131","SSL","1514","Continuation Data"
"387","20.215706","10.10.30.131","149.154.167.43","TCP","66","[TCP Dup ACK 384#1] 50586  >  443 [ACK] Seq=934 Ack=169361 Win=513 Len=0 SLE=176661 SRE=178121"
"388","20.215745","10.10.30.131","149.154.167.43","TCP","66","[TCP Dup ACK 384#2] 50586  >  443 [ACK] Seq=934 Ack=169361 Win=513 Len=0 SLE=176661 SRE=179581"
"389","20.530923","149.154.167.43","10.10.30.131","TCP","1514","[TCP Retransmission] 443  >  50586 [ACK] Seq=169361 Ack=934 Win=2679 Len=1460"
"390","20.530984","10.10.30.131","149.154.167.43","TCP","66","50586  >  443 [ACK] Seq=934 Ack=170821 Win=513 Len=0 SLE=176661 SRE=179581"
"391","20.579424","149.154.167.43","10.10.30.131","TCP","1514","[TCP Retransmission] 443  >  50586 [ACK] Seq=170821 Ack=934 Win=2679 Len=1460"
"392","20.579424","149.154.167.43","10.10.30.131","TCP","1514","[TCP Retransmission] 443  >  50586 [ACK] Seq=172281 Ack=934 Win=2679 Len=1460"
"393","20.579502","10.10.30.131","149.154.167.43","TCP","66","50586  >  443 [ACK] Seq=934 Ack=172281 Win=513 Len=0 SLE=176661 SRE=179581"
"394","20.579554","10.10.30.131","149.154.167.43","TCP","66","50586  >  443 [ACK] Seq=934 Ack=173741 Win=513 Len=0 SLE=176661 SRE=179581"
"395","20.581090","10.10.30.131","149.154.167.43","SSL","239","Continuation Data"
"396","20.582477","Cisco_62:d9:e0","Broadcast","ARP","60","ARP Announcement for 10.10.189.98"
"397","20.582477","Cisco_62:d9:e0","Broadcast","ARP","60","Gratuitous ARP for 10.10.181.168 (Reply)"
"398","20.582477","Cisco_62:d9:e0","Broadcast","ARP","60","ARP Announcement for 10.10.108.152"
"399","20.627162","149.154.167.43","10.10.30.131","TCP","1514","[TCP Retransmission] 443  >  50586 [ACK] Seq=173741 Ack=934 Win=2679 Len=1460"
"400","20.627162","149.154.167.43","10.10.30.131","TCP","1514","[TCP Retransmission] 443  >  50586 [ACK] Seq=175201 Ack=934 Win=2679 Len=1460"
"401","20.627230","10.10.30.131","149.154.167.43","TCP","66","50586  >  443 [ACK] Seq=1119 Ack=175201 Win=513 Len=0 SLE=176661 SRE=179581"
"402","20.627282","10.10.30.131","149.154.167.43","TCP","54","50586  >  443 [ACK] Seq=1119 Ack=179581 Win=513 Len=0"
"403","20.750011","10.10.30.131","193.206.135.8","HTTP","205","GET /files/vpn_ssid_notif.txt HTTP/1.1 "
"404","20.767566","193.206.135.8","10.10.30.131","TCP","60","80  >  50541 [ACK] Seq=4735 Ack=2870 Win=501 Len=0"
"405","20.769626","193.206.135.8","10.10.30.131","HTTP","317","HTTP/1.1 200 OK  (text/plain)"
"406","20.810496","149.154.167.43","10.10.30.131","SSL","1514","[TCP Previous segment not captured] , Continuation Data"
"407","20.810548","10.10.30.131","149.154.167.43","TCP","66","[TCP Dup ACK 402#1] 50586  >  443 [ACK] Seq=1119 Ack=179581 Win=513 Len=0 SLE=183961 SRE=185421"
"408","20.812608","10.10.30.131","193.206.135.8","TCP","54","50541  >  80 [ACK] Seq=2870 Ack=4998 Win=512 Len=0"
"409","20.868787","149.154.167.43","10.10.30.131","TCP","1514","[TCP Retransmission] 443  >  50586 [ACK] Seq=179581 Ack=1119 Win=2716 Len=1460"
"410","20.868852","10.10.30.131","149.154.167.43","TCP","66","50586  >  443 [ACK] Seq=1119 Ack=181041 Win=513 Len=0 SLE=183961 SRE=185421"
"411","20.890376","Cisco_62:d9:e0","Broadcast","ARP","60","ARP Announcement for 10.10.166.185"
"412","20.890376","Cisco_62:d9:e0","Broadcast","ARP","60","ARP Announcement for 10.10.149.246"
"413","20.934644","149.154.167.43","10.10.30.131","TCP","1514","[TCP Retransmission] 443  >  50586 [ACK] Seq=181041 Ack=1119 Win=2716 Len=1460"
"414","20.934644","149.154.167.43","10.10.30.131","TCP","1514","[TCP Retransmission] 443  >  50586 [ACK] Seq=182501 Ack=1119 Win=2716 Len=1460"
"415","20.934716","10.10.30.131","149.154.167.43","TCP","66","50586  >  443 [ACK] Seq=1119 Ack=182501 Win=513 Len=0 SLE=183961 SRE=185421"
"416","20.934771","10.10.30.131","149.154.167.43","TCP","54","50586  >  443 [ACK] Seq=1119 Ack=185421 Win=513 Len=0"
"417","20.993527","149.154.167.43","10.10.30.131","SSL","1514","Continuation Data"
"418","20.993527","149.154.167.43","10.10.30.131","SSL","1514","Continuation Data"
"419","20.993591","10.10.30.131","149.154.167.43","TCP","54","50586  >  443 [ACK] Seq=1119 Ack=188341 Win=513 Len=0"
"420","20.993630","Cisco_62:d9:e0","Broadcast","ARP","60","ARP Announcement for 10.10.196.154"
"421","21.042762","149.154.167.43","10.10.30.131","SSL","1514","[TCP Previous segment not captured] , Continuation Data"
"422","21.042815","10.10.30.131","149.154.167.43","TCP","66","[TCP Dup ACK 419#1] 50586  >  443 [ACK] Seq=1119 Ack=188341 Win=513 Len=0 SLE=191261 SRE=192721"
"423","21.100787","149.154.167.43","10.10.30.131","TCP","1514","[TCP Retransmission] 443  >  50586 [ACK] Seq=188341 Ack=1119 Win=2716 Len=1460"
"424","21.100850","10.10.30.131","149.154.167.43","TCP","66","50586  >  443 [ACK] Seq=1119 Ack=189801 Win=513 Len=0 SLE=191261 SRE=192721"
"425","21.114316","149.154.167.43","10.10.30.131","TCP","1514","[TCP Retransmission] 443  >  50586 [ACK] Seq=189801 Ack=1119 Win=2716 Len=1460"
"426","21.114379","10.10.30.131","149.154.167.43","TCP","54","50586  >  443 [ACK] Seq=1119 Ack=192721 Win=513 Len=0"
"427","21.118241","10.10.30.131","10.10.255.255","UDP","305","54915  >  54915 Len=263"
"428","21.161820","149.154.167.43","10.10.30.131","SSL","1514","[TCP Previous segment not captured] , Continuation Data"
"429","21.161871","10.10.30.131","149.154.167.43","TCP","66","[TCP Dup ACK 426#1] 50586  >  443 [ACK] Seq=1119 Ack=192721 Win=513 Len=0 SLE=197101 SRE=198561"
"430","21.487317","149.154.167.43","10.10.30.131","TCP","1514","[TCP Retransmission] 443  >  50586 [ACK] Seq=192721 Ack=1119 Win=2716 Len=1460"
"431","21.487401","10.10.30.131","149.154.167.43","TCP","66","50586  >  443 [ACK] Seq=1119 Ack=194181 Win=513 Len=0 SLE=197101 SRE=198561"
"432","21.537965","149.154.167.43","10.10.30.131","TCP","1514","[TCP Retransmission] 443  >  50586 [ACK] Seq=194181 Ack=1119 Win=2716 Len=1460"
"433","21.537965","149.154.167.43","10.10.30.131","TCP","1514","[TCP Retransmission] 443  >  50586 [ACK] Seq=195641 Ack=1119 Win=2716 Len=1460"
"434","21.538078","10.10.30.131","149.154.167.43","TCP","66","50586  >  443 [ACK] Seq=1119 Ack=195641 Win=513 Len=0 SLE=197101 SRE=198561"
"435","21.538138","10.10.30.131","149.154.167.43","TCP","54","50586  >  443 [ACK] Seq=1119 Ack=198561 Win=513 Len=0"
"436","21.773244","10.10.30.131","193.206.135.8","HTTP","205","GET /files/vpn_ssid_notif.txt HTTP/1.1 "
"437","21.913548","Cisco_62:d9:e0","Broadcast","ARP","60","Gratuitous ARP for 10.10.90.183 (Reply)"
"438","21.915432","Cisco_62:d9:e0","Broadcast","ARP","60","ARP Announcement for 10.10.108.152"
"439","22.008229","10.10.30.131","193.206.135.8","TCP","205","[TCP Retransmission] 50541  >  80 [PSH, ACK] Seq=2870 Ack=4998 Win=512 Len=151"
"440","22.016157","Cisco_62:d9:e0","Broadcast","ARP","60","Gratuitous ARP for 10.10.140.199 (Reply)"
"441","22.027721","193.206.135.8","10.10.30.131","TCP","66","[TCP Previous segment not captured] 80  >  50541 [ACK] Seq=5261 Ack=3021 Win=501 Len=0 SLE=3020 SRE=3021"
"442","22.072820","193.206.135.8","10.10.30.131","TCP","317","[TCP Retransmission] 80  >  50541 [PSH, ACK] Seq=4998 Ack=3021 Win=501 Len=263"
"443","22.117085","10.10.30.131","193.206.135.8","TCP","54","50541  >  80 [ACK] Seq=3021 Ack=5261 Win=511 Len=0"
"444","22.117933","10.10.30.131","10.10.255.255","UDP","305","54915  >  54915 Len=263"
"445","22.118047","Cisco_62:d9:e0","Broadcast","ARP","60","ARP Announcement for 10.10.87.12"
"446","22.260235","149.154.167.43","10.10.30.131","SSL","1514","Continuation Data"
"447","22.304427","10.10.30.131","149.154.167.43","TCP","54","50586  >  443 [ACK] Seq=1119 Ack=200021 Win=513 Len=0"
"448","22.358608","149.154.167.43","10.10.30.131","SSL","1514","[TCP Previous segment not captured] , Continuation Data"
"449","22.358608","149.154.167.43","10.10.30.131","TCP","1514","443  >  50586 [ACK] Seq=207321 Ack=1119 Win=2716 Len=1460"
"450","22.358669","10.10.30.131","149.154.167.43","TCP","66","[TCP Dup ACK 447#1] 50586  >  443 [ACK] Seq=1119 Ack=200021 Win=513 Len=0 SLE=205861 SRE=207321"
"451","22.358708","10.10.30.131","149.154.167.43","TCP","66","[TCP Dup ACK 447#2] 50586  >  443 [ACK] Seq=1119 Ack=200021 Win=513 Len=0 SLE=205861 SRE=208781"
"452","22.406786","149.154.167.43","10.10.30.131","TCP","1514","[TCP Retransmission] 443  >  50586 [ACK] Seq=200021 Ack=1119 Win=2716 Len=1460"
"453","22.406786","149.154.167.43","10.10.30.131","TCP","1514","[TCP Retransmission] 443  >  50586 [ACK] Seq=201481 Ack=1119 Win=2716 Len=1460"
"454","22.406854","10.10.30.131","149.154.167.43","TCP","66","50586  >  443 [ACK] Seq=1119 Ack=201481 Win=513 Len=0 SLE=205861 SRE=208781"
"455","22.406901","10.10.30.131","149.154.167.43","TCP","66","50586  >  443 [ACK] Seq=1119 Ack=202941 Win=513 Len=0 SLE=205861 SRE=208781"
"456","22.427934","Cisco_62:d9:e0","Broadcast","ARP","60","ARP Announcement for 10.10.196.154"
"457","22.427934","Cisco_62:d9:e0","Broadcast","ARP","60","ARP Announcement for 10.10.254.92"
"458","22.454858","149.154.167.43","10.10.30.131","TCP","1514","[TCP Retransmission] 443  >  50586 [ACK] Seq=202941 Ack=1119 Win=2716 Len=1460"
"459","22.454858","149.154.167.43","10.10.30.131","TCP","1514","[TCP Retransmission] 443  >  50586 [ACK] Seq=204401 Ack=1119 Win=2716 Len=1460"
"460","22.454858","149.154.167.43","10.10.30.131","SSL","1514","Continuation Data"
"461","22.454858","149.154.167.43","10.10.30.131","SSL","1514","Continuation Data"
"462","22.454928","10.10.30.131","149.154.167.43","TCP","66","50586  >  443 [ACK] Seq=1119 Ack=204401 Win=513 Len=0 SLE=205861 SRE=208781"
"463","22.454981","10.10.30.131","149.154.167.43","TCP","54","50586  >  443 [ACK] Seq=1119 Ack=208781 Win=513 Len=0"
"464","22.455025","10.10.30.131","149.154.167.43","TCP","54","50586  >  443 [ACK] Seq=1119 Ack=211701 Win=513 Len=0"
"465","22.501403","149.154.167.43","10.10.30.131","SSL","1514","Continuation Data"
"466","22.501403","149.154.167.43","10.10.30.131","SSL","1514","Continuation Data"
"467","22.501403","149.154.167.43","10.10.30.131","SSL","1514","Continuation Data"
"468","22.501403","149.154.167.43","10.10.30.131","SSL","1514","Continuation Data"
"469","22.501403","149.154.167.43","10.10.30.131","SSL","1514","Continuation Data"
"470","22.501493","10.10.30.131","149.154.167.43","TCP","54","50586  >  443 [ACK] Seq=1119 Ack=219001 Win=513 Len=0"
"471","22.558841","149.154.167.43","10.10.30.131","SSL","1514","Continuation Data"
"472","22.558841","149.154.167.43","10.10.30.131","SSL","1514","Continuation Data"
"473","22.558841","149.154.167.43","10.10.30.131","SSL","1514","Continuation Data"
"474","22.558841","149.154.167.43","10.10.30.131","SSL","1514","Continuation Data"
"475","22.558841","149.154.167.43","10.10.30.131","SSL","1514","Continuation Data"
"476","22.558841","149.154.167.43","10.10.30.131","SSL","1514","Continuation Data"
"477","22.558936","10.10.30.131","149.154.167.43","TCP","54","50586  >  443 [ACK] Seq=1119 Ack=227761 Win=513 Len=0"
"478","22.613767","149.154.167.43","10.10.30.131","SSL","1514","Continuation Data"
"479","22.613767","149.154.167.43","10.10.30.131","SSL","1514","Continuation Data"
"480","22.613767","149.154.167.43","10.10.30.131","SSL","1514","Continuation Data"
"481","22.613840","10.10.30.131","149.154.167.43","TCP","54","50586  >  443 [ACK] Seq=1119 Ack=232141 Win=513 Len=0"
"482","22.619079","149.154.167.43","10.10.30.131","SSL","1514","Continuation Data"
"483","22.619079","149.154.167.43","10.10.30.131","SSL","1514","Continuation Data"
"484","22.619079","149.154.167.43","10.10.30.131","SSL","1514","Continuation Data"
"485","22.619079","149.154.167.43","10.10.30.131","SSL","1514","Continuation Data"
"486","22.619163","10.10.30.131","149.154.167.43","TCP","54","50586  >  443 [ACK] Seq=1119 Ack=237981 Win=513 Len=0"
"487","22.664735","149.154.167.43","10.10.30.131","SSL","1514","Continuation Data"
"488","22.664735","149.154.167.43","10.10.30.131","SSL","1514","Continuation Data"
"489","22.664805","10.10.30.131","149.154.167.43","TCP","54","50586  >  443 [ACK] Seq=1119 Ack=240901 Win=513 Len=0"
"490","22.670491","149.154.167.43","10.10.30.131","SSL","1514","Continuation Data"
"491","22.670491","149.154.167.43","10.10.30.131","SSL","1514","Continuation Data"
"492","22.670491","149.154.167.43","10.10.30.131","SSL","1514","Continuation Data"
"493","22.670491","149.154.167.43","10.10.30.131","SSL","1514","Continuation Data"
"494","22.670491","149.154.167.43","10.10.30.131","SSL","1514","Continuation Data"
"495","22.670491","149.154.167.43","10.10.30.131","SSL","1514","Continuation Data"
"496","22.670578","10.10.30.131","149.154.167.43","TCP","54","50586  >  443 [ACK] Seq=1119 Ack=249661 Win=513 Len=0"
"497","22.719414","149.154.167.43","10.10.30.131","SSL","1514","Continuation Data"
"498","22.719414","149.154.167.43","10.10.30.131","TCP","1514","443  >  50586 [PSH, ACK] Seq=251121 Ack=1119 Win=2716 Len=1460"
"499","22.719483","10.10.30.131","149.154.167.43","TCP","54","50586  >  443 [ACK] Seq=1119 Ack=252581 Win=513 Len=0"
"500","22.769738","149.154.167.43","10.10.30.131","SSL","1514","[TCP Previous segment not captured] , Continuation Data"
"501","22.769738","149.154.167.43","10.10.30.131","SSL","1514","Continuation Data"
"502","22.769801","10.10.30.131","149.154.167.43","TCP","66","[TCP Dup ACK 499#1] 50586  >  443 [ACK] Seq=1119 Ack=252581 Win=513 Len=0 SLE=262801 SRE=264261"
"503","22.769854","10.10.30.131","149.154.167.43","TCP","66","[TCP Dup ACK 499#2] 50586  >  443 [ACK] Seq=1119 Ack=252581 Win=513 Len=0 SLE=262801 SRE=265721"
"504","22.821741","149.154.167.43","10.10.30.131","TCP","1514","[TCP Retransmission] 443  >  50586 [ACK] Seq=252581 Ack=1119 Win=2716 Len=1460"
"505","22.821741","149.154.167.43","10.10.30.131","TCP","1514","[TCP Retransmission] 443  >  50586 [ACK] Seq=254041 Ack=1119 Win=2716 Len=1460"
"506","22.821807","10.10.30.131","149.154.167.43","TCP","66","50586  >  443 [ACK] Seq=1119 Ack=254041 Win=513 Len=0 SLE=262801 SRE=265721"
"507","22.821849","10.10.30.131","149.154.167.43","TCP","66","50586  >  443 [ACK] Seq=1119 Ack=255501 Win=513 Len=0 SLE=262801 SRE=265721"
"508","22.877390","149.154.167.43","10.10.30.131","TCP","1514","[TCP Retransmission] 443  >  50586 [ACK] Seq=255501 Ack=1119 Win=2716 Len=1460"
"509","22.877390","149.154.167.43","10.10.30.131","TCP","1514","[TCP Retransmission] 443  >  50586 [PSH, ACK] Seq=256961 Ack=1119 Win=2716 Len=1460"
"510","22.877390","149.154.167.43","10.10.30.131","TCP","1514","[TCP Retransmission] 443  >  50586 [ACK] Seq=258421 Ack=1119 Win=2716 Len=1460"
"511","22.877390","149.154.167.43","10.10.30.131","TCP","1514","[TCP Retransmission] 443  >  50586 [PSH, ACK] Seq=259881 Ack=1119 Win=2716 Len=1460"
"512","22.877460","10.10.30.131","149.154.167.43","TCP","66","50586  >  443 [ACK] Seq=1119 Ack=256961 Win=513 Len=0 SLE=262801 SRE=265721"
"513","22.877503","10.10.30.131","149.154.167.43","TCP","66","50586  >  443 [ACK] Seq=1119 Ack=258421 Win=513 Len=0 SLE=262801 SRE=265721"
"514","22.877542","10.10.30.131","149.154.167.43","TCP","66","50586  >  443 [ACK] Seq=1119 Ack=259881 Win=513 Len=0 SLE=262801 SRE=265721"
"515","22.877568","10.10.30.131","149.154.167.43","TCP","66","50586  >  443 [ACK] Seq=1119 Ack=261341 Win=513 Len=0 SLE=262801 SRE=265721"
"516","22.934966","149.154.167.43","10.10.30.131","TCP","1514","[TCP Retransmission] 443  >  50586 [ACK] Seq=261341 Ack=1119 Win=2716 Len=1460"
"517","22.934966","149.154.167.43","10.10.30.131","SSL","1514","Continuation Data"
"518","22.934966","149.154.167.43","10.10.30.131","SSL","1514","Continuation Data"
"519","22.934966","149.154.167.43","10.10.30.131","SSL","1514","Continuation Data"
"520","22.935043","10.10.30.131","149.154.167.43","TCP","54","50586  >  443 [ACK] Seq=1119 Ack=265721 Win=513 Len=0"
"521","22.935100","10.10.30.131","149.154.167.43","TCP","54","50586  >  443 [ACK] Seq=1119 Ack=270101 Win=513 Len=0"
"522","22.986231","149.154.167.43","10.10.30.131","SSL","1514","[TCP Previous segment not captured] , Continuation Data"
"523","22.986231","149.154.167.43","10.10.30.131","SSL","1514","Continuation Data"
"524","22.986288","10.10.30.131","149.154.167.43","TCP","66","[TCP Dup ACK 521#1] 50586  >  443 [ACK] Seq=1119 Ack=270101 Win=513 Len=0 SLE=275941 SRE=277401"
"525","22.986325","10.10.30.131","149.154.167.43","TCP","66","[TCP Dup ACK 521#2] 50586  >  443 [ACK] Seq=1119 Ack=270101 Win=513 Len=0 SLE=275941 SRE=278861"
"526","23.087240","10.10.30.131","193.206.135.8","HTTP","205","GET /files/vpn_ssid_notif.txt HTTP/1.1 "
"527","23.109531","193.206.135.8","10.10.30.131","TCP","60","80  >  50541 [ACK] Seq=5261 Ack=3172 Win=501 Len=0"
"528","23.109531","193.206.135.8","10.10.30.131","HTTP","317","HTTP/1.1 200 OK  (text/plain)"
"529","23.116450","10.10.30.131","10.10.255.255","UDP","305","54915  >  54915 Len=263"
"530","23.163953","10.10.30.131","193.206.135.8","TCP","54","50541  >  80 [ACK] Seq=3172 Ack=5524 Win=510 Len=0"
"531","23.245033","Cisco_62:d9:e0","Broadcast","ARP","60","Gratuitous ARP for 10.10.117.89 (Reply)"
"532","23.551677","Cisco_62:d9:e0","Broadcast","ARP","60","ARP Announcement for 10.10.171.92"
"533","23.655352","Cisco_62:d9:e0","Broadcast","ARP","60","ARP Announcement for 10.10.84.197"
"534","23.756183","Cisco_62:d9:e0","Broadcast","ARP","60","ARP Announcement for 10.10.254.92"
"535","24.117845","10.10.30.131","10.10.255.255","UDP","305","54915  >  54915 Len=263"
"536","24.121828","10.10.30.131","193.206.135.8","HTTP","205","GET /files/vpn_ssid_notif.txt HTTP/1.1 "
"537","24.167068","Cisco_62:d9:e0","Broadcast","ARP","60","ARP Announcement for 10.10.87.12"
"538","24.167068","Cisco_62:d9:e0","Broadcast","ARP","60","ARP Announcement for 10.10.237.1"
"539","24.356339","10.10.30.131","193.206.135.8","TCP","205","[TCP Retransmission] 50541  >  80 [PSH, ACK] Seq=3172 Ack=5524 Win=510 Len=151"
"540","24.376482","193.206.135.8","10.10.30.131","TCP","66","[TCP Previous segment not captured] 80  >  50541 [ACK] Seq=5787 Ack=3323 Win=501 Len=0 SLE=3322 SRE=3323"
"541","24.685512","193.206.135.8","10.10.30.131","TCP","317","[TCP Retransmission] 80  >  50541 [PSH, ACK] Seq=5524 Ack=3323 Win=501 Len=263"
"542","24.730546","10.10.30.131","193.206.135.8","TCP","54","50541  >  80 [ACK] Seq=3323 Ack=5787 Win=509 Len=0"
"543","24.883351","Cisco_62:d9:e0","Broadcast","ARP","60","ARP Announcement for 10.10.171.92"
"544","24.916268","149.154.167.43","10.10.30.131","TCP","1514","[TCP Retransmission] 443  >  50586 [ACK] Seq=270101 Ack=1119 Win=2716 Len=1460"
"545","24.916331","10.10.30.131","149.154.167.43","TCP","66","50586  >  443 [ACK] Seq=1119 Ack=271561 Win=513 Len=0 SLE=275941 SRE=278861"
"546","24.975112","149.154.167.43","10.10.30.131","SSL","1514","[TCP Previous segment not captured] , Continuation Data"
"547","24.975112","149.154.167.43","10.10.30.131","SSL","1514","Continuation Data"
"548","24.975164","10.10.30.131","149.154.167.43","TCP","74","[TCP Dup ACK 545#1] 50586  >  443 [ACK] Seq=1119 Ack=271561 Win=513 Len=0 SLE=280321 SRE=281781 SLE=275941 SRE=278861"
"549","24.975202","10.10.30.131","149.154.167.43","TCP","74","[TCP Dup ACK 545#2] 50586  >  443 [ACK] Seq=1119 Ack=271561 Win=513 Len=0 SLE=280321 SRE=283241 SLE=275941 SRE=278861"
"550","25.034339","149.154.167.43","10.10.30.131","TCP","1514","[TCP Retransmission] 443  >  50586 [ACK] Seq=271561 Ack=1119 Win=2716 Len=1460"
"551","25.034403","10.10.30.131","149.154.167.43","TCP","74","50586  >  443 [ACK] Seq=1119 Ack=273021 Win=513 Len=0 SLE=280321 SRE=283241 SLE=275941 SRE=278861"
"552","25.119094","10.10.30.131","10.10.255.255","UDP","305","54915  >  54915 Len=263"
"553","25.292396","Cisco_62:d9:e0","Broadcast","ARP","60","ARP Announcement for 10.10.47.144"
"554","25.690254","10.10.30.131","193.206.135.8","HTTP","205","GET /files/vpn_ssid_notif.txt HTTP/1.1 "
"555","25.708551","193.206.135.8","10.10.30.131","TCP","60","80  >  50541 [ACK] Seq=5787 Ack=3474 Win=501 Len=0"
"556","25.708551","193.206.135.8","10.10.30.131","HTTP","317","HTTP/1.1 200 OK  (text/plain)"
"557","25.752303","10.10.30.131","193.206.135.8","TCP","54","50541  >  80 [ACK] Seq=3474 Ack=6050 Win=508 Len=0"
"558","25.805783","Cisco_62:d9:e0","Broadcast","ARP","60","ARP Announcement for 10.10.206.144"
"559","25.805783","Cisco_62:d9:e0","Broadcast","ARP","60","ARP Announcement for 10.10.206.144"
"560","25.907523","Cisco_62:d9:e0","Broadcast","ARP","60","ARP Announcement for 10.10.196.154"
"561","26.010424","Cisco_62:d9:e0","Broadcast","ARP","60","ARP Announcement for 10.10.84.197"
"562","26.117981","10.10.30.131","10.10.255.255","UDP","305","54915  >  54915 Len=263"
"563","26.627221","Cisco_62:d9:e0","Broadcast","ARP","60","ARP Announcement for 10.10.30.10"
"564","26.723599","10.10.30.131","193.206.135.8","HTTP","205","GET /files/vpn_ssid_notif.txt HTTP/1.1 "
"565","26.754547","193.206.135.8","10.10.30.131","HTTP","317","HTTP/1.1 200 OK  (text/plain)"
"566","26.803388","10.10.30.131","193.206.135.8","TCP","54","50541  >  80 [ACK] Seq=3625 Ack=6313 Win=513 Len=0"
"567","27.119940","10.10.30.131","10.10.255.255","UDP","305","54915  >  54915 Len=263"
"568","27.445506","Cisco_62:d9:e0","Broadcast","ARP","60","ARP Announcement for 10.10.231.63"
"569","27.445506","Cisco_62:d9:e0","Broadcast","ARP","60","ARP Announcement for 10.10.206.144"
"570","27.750389","Cisco_62:d9:e0","Broadcast","ARP","60","ARP Announcement for 10.10.231.63"
"571","27.766402","10.10.30.131","193.206.135.8","HTTP","205","GET /files/vpn_ssid_notif.txt HTTP/1.1 "
"572","27.797521","193.206.135.8","10.10.30.131","TCP","60","80  >  50541 [ACK] Seq=6313 Ack=3776 Win=501 Len=0"
"573","27.797521","193.206.135.8","10.10.30.131","HTTP","317","HTTP/1.1 200 OK  (text/plain)"
"574","27.844615","10.10.30.131","193.206.135.8","TCP","54","50541  >  80 [ACK] Seq=3776 Ack=6576 Win=512 Len=0"
"575","28.057460","Cisco_62:d9:e0","Broadcast","ARP","60","ARP Announcement for 10.10.231.63"
"576","28.116918","10.10.30.131","10.10.255.255","UDP","305","54915  >  54915 Len=263"
"577","28.365052","Cisco_62:d9:e0","Broadcast","ARP","60","ARP Announcement for 10.10.203.212"
"578","28.802927","10.10.30.131","193.206.135.8","HTTP","205","GET /files/vpn_ssid_notif.txt HTTP/1.1 "
"579","28.823781","193.206.135.8","10.10.30.131","HTTP","317","HTTP/1.1 200 OK  (text/plain)"
"580","28.864362","10.10.30.131","193.206.135.8","TCP","54","50541  >  80 [ACK] Seq=3927 Ack=6839 Win=511 Len=0"
"581","28.877647","Cisco_62:d9:e0","Broadcast","ARP","60","Gratuitous ARP for 10.10.246.74 (Reply)"
"582","29.115945","10.10.30.131","10.10.255.255","UDP","305","54915  >  54915 Len=263"
"583","29.269775","149.154.167.43","10.10.30.131","TCP","1514","[TCP Retransmission] 443  >  50586 [ACK] Seq=273021 Ack=1119 Win=2716 Len=1460"
"584","29.269838","10.10.30.131","149.154.167.43","TCP","74","50586  >  443 [ACK] Seq=1119 Ack=274481 Win=513 Len=0 SLE=280321 SRE=283241 SLE=275941 SRE=278861"
"585","29.389883","Cisco_62:d9:e0","Broadcast","ARP","60","Gratuitous ARP for 10.10.44.105 (Reply)"
"586","29.695411","Cisco_62:d9:e0","Broadcast","ARP","60","ARP Announcement for 10.10.203.212"
"587","29.734425","10.10.30.131","151.100.4.2","DNS","80","Standard query 0xacaa A catalog.gamepass.com"
"588","29.826961","10.10.30.131","193.206.135.8","HTTP","205","GET /files/vpn_ssid_notif.txt HTTP/1.1 "
"589","29.852848","193.206.135.8","10.10.30.131","HTTP","317","HTTP/1.1 200 OK  (text/plain)"
"590","29.906090","10.10.30.131","193.206.135.8","TCP","54","50541  >  80 [ACK] Seq=4078 Ack=7102 Win=510 Len=0"
"591","30.118146","10.10.30.131","10.10.255.255","UDP","305","54915  >  54915 Len=263"
"592","30.742786","10.10.30.131","151.100.4.13","DNS","80","Standard query 0xacaa A catalog.gamepass.com"
"593","30.763857","151.100.4.13","10.10.30.131","DNS","195","Standard query response 0xacaa A catalog.gamepass.com CNAME catalog.gamepass.com.edgesuite.net CNAME a1992.dscd.akamai.net A 193.206.135.25 A 193.206.135.24"
"594","30.765067","10.10.30.131","193.206.135.25","TCP","66","50594  >  443 [SYN] Seq=0 Win=64240 Len=0 MSS=1460 WS=256 SACK_PERM"
"595","30.802785","193.206.135.25","10.10.30.131","TCP","66","443  >  50594 [SYN, ACK] Seq=0 Ack=1 Win=64240 Len=0 MSS=1460 SACK_PERM WS=128"
"596","30.802880","10.10.30.131","193.206.135.25","TCP","54","50594  >  443 [ACK] Seq=1 Ack=1 Win=131328 Len=0"
"597","30.803701","10.10.30.131","193.206.135.25","TLSv1.2","259","Client Hello"
"598","30.826544","193.206.135.25","10.10.30.131","TCP","66","[TCP Retransmission] 443  >  50594 [SYN, ACK] Seq=0 Ack=1 Win=64240 Len=0 MSS=1460 SACK_PERM WS=128"
